0,1,0,0.0,0.0,0.0,0.0,0,0,0,0,0,0.0,0.0,0.0,0.0,0,0,0,0,H
1,1,0,0.0,0.0,0.0,0.0,0,0,0,0,0,0.0,0.0,0.0,0.0,0,0,0,0,H
2,1,0,0.0,0.0,0.0,0.0,0,0,0,0,0,0.0,0.0,0.0,0.0,0,0,0,0,D
3,1,0,0.0,0.0,0.0,0.0,0,0,0,0,0,0.0,0.0,0.0,0.0,0,0,0,0,D
4,1,0,0.0,0.0,0.0,0.0,0,0,0,0,0,0.0,0.0,0.0,0.0,0,0,0,0,D
5,1,0,0.0,0.0,0.0,0.0,0,0,0,0,0,0.0,0.0,0.0,0.0,0,0,0,0,A
6,1,0,0.0,0.0,0.0,0.0,0,0,0,0,0,0.0,0.0,0.0,0.0,0,0,0,0,D
7,1,0,0.0,0.0,0.0,0.0,0,0,0,0,0,0.0,0.0,0.0,0.0,0,0,0,0,H
8,1,0,0.0,0.0,0.0,0.0,0,0,0,0,0,0.0,0.0,0.0,0.0,0,0,0,0,H
9,1,0,0.0,0.0,0.0,0.0,0,0,0,0,0,0.0,0.0,0.0,0.0,0,0,0,0,H
10,2,-2,1.0,0.111,1.0,0.0,0,1,0,0,1,1.3333333333333333,0.10266666666666667,1.3333333333333333,0.0,1,0,0,3,A
11,2,0,1.0,0.19999999999999998,0.6666666666666666,0.0,0,0,1,1,0,1.6666666666666667,0.104,1.6666666666666667,0.0,0,0,1,1,H
12,2,-2,1.3333333333333333,0.09533333333333333,2.0,0.0,0,1,0,0,0,1.3333333333333333,0.111,1.6666666666666667,0.0,0,0,1,1,D
13,2,2,2.0,0.22233333333333336,1.3333333333333333,0.0,1,0,0,3,1,2.0,0.125,0.6666666666666666,0.0,1,0,0,3,H
14,2,0,1.0,0.08333333333333333,2.0,0.0,0,0,1,1,-1,1.3333333333333333,0.09533333333333333,1.0,0.0,0,1,0,0,H
15,2,0,1.6666666666666667,0.20833333333333334,3.0,0.0,0,0,1,1,1,0.6666666666666666,0.06666666666666667,1.3333333333333333,0.0,1,0,0,3,A
16,2,2,1.6666666666666667,0.18533333333333335,0.6666666666666666,0.0,1,0,0,3,0,2.0,0.10533333333333333,2.0,0.0,0,0,1,1,H
17,2,2,1.6666666666666667,0.104,3.0,0.0,1,0,0,3,-2,1.0,0.143,1.3333333333333333,0.0,0,1,0,0,H
18,2,0,3.3333333333333335,0.303,1.6666666666666667,0.0,0,0,1,1,-1,0.6666666666666666,0.16666666666666666,1.3333333333333333,0.3333333333333333,0,1,0,0,D
19,2,0,0.6666666666666666,0.111,0.6666666666666666,0.0,0,0,1,1,-1,0.0,0.0,1.3333333333333333,0.0,0,1,0,0,A
20,3,3,3.25,0.181,2.0,0.0,2,0,0,6,3,2.5,0.202,2.5,0.0,2,0,0,6,A
21,3,-2,2.25,0.21875,3.5,0.0,0,1,1,1,1,2.5,0.18325000000000002,3.25,0.0,1,0,1,4,D
22,3,-2,0.75,0.08325,2.5,0.0,0,2,0,0,-1,2.0,0.153,2.25,0.0,0,1,1,1,H
23,3,1,2.0,0.24625,2.25,0.0,1,0,1,4,0,3.0,0.263,2.0,0.0,0,0,2,2,A
24,3,2,2.5,0.16225,1.75,0.0,1,0,1,4,-2,1.5,0.11699999999999999,2.5,0.0,0,1,1,1,H
25,3,-4,1.25,0.1665,2.0,0.0,0,2,0,0,-1,1.5,0.15625,3.0,0.25,0,1,1,1,H
26,3,0,1.5,0.18075000000000002,1.75,0.0,1,1,0,3,0,1.5,0.12875,2.5,0.0,0,0,2,2,H
27,3,3,2.5,0.29175,3.0,0.0,2,0,0,6,0,2.25,0.16075,2.0,0.0,1,1,0,3,H
28,3,-7,2.0,0.1956,2.8,0.0,0,3,0,0,0,1.5,0.09375,1.5,0.0,1,1,0,3,H
29,4,1,3.2,0.2266,3.2,0.0,1,0,2,5,4,3.6,0.22820000000000001,2.4,0.0,3,0,0,9,D
30,4,3,2.8,0.317,2.8,0.0,2,0,1,7,1,1.5,0.10925,3.25,0.25,1,1,0,3,H
31,4,-4,1.0,0.1238,3.0,0.0,0,3,0,0,-2,2.8,0.277,2.8,0.0,0,1,2,2,D
32,4,-2,3.6,0.25,4.4,0.0,0,1,2,2,1,2.4,0.2024,2.6,0.0,1,1,1,4,A
33,4,1,2.6,0.1726,3.0,0.0,1,1,1,4,2,2.2,0.2116,2.4,0.2,2,1,0,6,D
34,4,-1,2.0,0.1905,2.0,0.0,1,1,0,3,2,2.4,0.21739999999999998,3.6,0.2,1,1,1,4,A
35,3,1,2.4,0.25360000000000005,2.8,0.0,2,1,0,6,-1,0.75,0.14425,1.75,0.25,0,1,1,1,D
36,4,4,2.8,0.2834,4.0,0.0,3,0,0,9,-1,1.6,0.16960000000000003,2.6,0.0,0,1,2,2,D
37,4,-1,1.6,0.1508,2.6,0.0,1,1,1,4,-1,2.6,0.1786,2.4,0.0,1,2,0,3,D
38,5,4,3.0,0.31966666666666665,3.3333333333333335,0.0,3,0,1,10,2,2.3333333333333335,0.24783333333333335,2.3333333333333335,0.16666666666666666,2,1,1,7,D
39,4,-1,2.3333333333333335,0.21283333333333335,2.8333333333333335,0.0,0,1,3,3,-1,1.4,0.1036,1.2,0.0,1,2,0,3,A
40,5,4,3.6666666666666665,0.23783333333333334,3.0,0.0,3,0,1,10,4,2.8333333333333335,0.24450000000000002,2.6666666666666665,0.0,2,1,1,7,H
41,5,-6,2.8333333333333335,0.24083333333333334,4.0,0.0,1,3,0,3,4,3.3333333333333335,0.29866666666666664,4.5,0.0,3,0,1,10,H
42,5,-3,2.6,0.2,2.2,0.0,1,2,0,3,-1,2.6666666666666665,0.19433333333333333,3.1666666666666665,0.0,1,2,1,4,D
43,5,-4,1.3333333333333333,0.15316666666666667,3.1666666666666665,0.0,0,3,1,1,-1,1.6666666666666667,0.16733333333333333,2.8333333333333335,0.0,1,1,2,5,H
44,4,4,2.5,0.22666666666666666,4.0,0.16666666666666666,2,1,1,7,-1,2.0,0.1762,2.6,0.2,0,1,2,2,H
45,5,-5,4.166666666666667,0.259,4.5,0.0,0,2,2,2,1,2.3333333333333335,0.23216666666666672,3.1666666666666665,0.0,2,1,1,7,H
46,5,0,1.4,0.1056,3.6,0.2,1,2,0,3,1,2.8333333333333335,0.1915,2.8333333333333335,0.0,1,1,2,5,H
47,5,1,3.1666666666666665,0.2245,3.1666666666666665,0.0,1,0,3,6,-2,2.3333333333333335,0.23083333333333336,2.8333333333333335,0.0,0,1,3,3,D
48,6,4,3.2857142857142856,0.3534285714285715,3.2857142857142856,0.0,3,0,2,11,3,2.857142857142857,0.265,3.4285714285714284,0.0,3,1,1,10,A
49,6,-9,3.0,0.26985714285714285,4.0,0.0,1,4,0,3,1,2.142857142857143,0.18314285714285714,3.0,0.0,2,1,2,8,A
50,6,-2,2.7142857142857144,0.2398571428571429,3.2857142857142856,0.0,0,1,4,4,2,4.0,0.24671428571428572,3.2857142857142856,0.0,3,1,1,10,A
51,6,1,3.142857142857143,0.23142857142857146,2.857142857142857,0.0,1,0,4,7,6,3.4285714285714284,0.281,2.5714285714285716,0.0,3,1,1,10,A
52,6,0,2.5714285714285716,0.22642857142857145,2.5714285714285716,0.0,1,1,3,6,-1,2.857142857142857,0.20014285714285712,3.857142857142857,0.0,1,2,2,5,A
53,6,-6,1.5714285714285714,0.15514285714285717,2.857142857142857,0.14285714285714285,0,4,1,1,2,2.7142857142857144,0.272,2.857142857142857,0.14285714285714285,2,1,2,8,A
54,6,-7,4.142857142857143,0.25057142857142856,4.428571428571429,0.0,0,3,2,2,1,2.0,0.16383333333333336,4.0,0.16666666666666666,2,2,0,6,A
55,6,5,2.5714285714285716,0.23714285714285713,4.142857142857143,0.14285714285714285,3,1,1,10,0,2.7142857142857144,0.18457142857142858,2.7142857142857144,0.0,1,2,2,5,H
56,7,7,3.25,0.273625,2.875,0.0,4,1,1,13,3,2.625,0.255875,2.875,0.125,3,1,2,11,H
57,5,-8,4.0,0.248125,4.875,0.0,0,4,2,2,-2,1.6666666666666667,0.14183333333333334,2.0,0.0,1,3,0,3,D
58,7,2,2.7142857142857144,0.20714285714285716,4.714285714285714,0.14285714285714285,3,2,0,9,0,3.875,0.23375,3.75,0.0,3,2,1,10,H
59,7,2,3.25,0.198,2.875,0.0,2,2,2,8,7,3.857142857142857,0.31857142857142856,4.571428571428571,0.0,4,0,1,13,H
60,7,0,3.625,0.26975000000000005,3.375,0.125,1,1,4,7,3,2.25,0.207125,3.25,0.0,3,1,2,11,D
61,7,2,3.375,0.335625,3.5,0.0,3,1,2,11,3,2.5,0.24325,3.6250000000000004,0.25,3,2,1,10,D
62,5,-11,2.875,0.254,4.0,0.0,1,5,0,3,-3,2.8333333333333335,0.2333333333333333,3.5,0.0,1,2,1,4,H
63,7,-7,1.625,0.1585,3.25,0.125,0,5,1,1,5,3.25,0.276,3.75,0.0,4,1,1,13,D
64,5,-2,2.1666666666666665,0.19233333333333333,2.8333333333333335,0.16666666666666666,0,2,2,2,1,3.375,0.24237499999999998,3.875,0.0,2,2,2,8,H
65,7,0,3.375,0.28125,3.25,0.0,1,1,4,7,-2,2.625,0.22162500000000002,2.625,0.0,1,2,3,6,D
66,8,-13,3.0,0.2627777777777778,4.0,0.0,1,6,0,3,2,3.5555555555555554,0.2582222222222222,4.0,0.0,3,2,2,11,H
67,8,5,3.111111111111111,0.2584444444444445,3.888888888888889,0.0,4,1,2,14,-1,3.7777777777777777,0.24477777777777782,3.7777777777777777,0.0,3,3,1,10,H
68,6,-3,2.0,0.18528571428571428,3.2857142857142856,0.14285714285714285,0,3,2,2,9,3.875,0.312125,4.75,0.0,5,0,1,16,H
69,8,0,3.6666666666666665,0.274,3.4444444444444446,0.1111111111111111,1,1,5,8,4,2.6666666666666665,0.28300000000000003,3.0,0.1111111111111111,4,1,2,14,D
70,8,-1,3.142857142857143,0.251,3.857142857142857,0.0,2,2,1,7,-2,2.888888888888889,0.2397777777777778,3.111111111111111,0.0,1,2,4,7,A
71,8,3,3.125,0.23900000000000002,4.625,0.125,4,2,0,12,-7,1.5555555555555556,0.1631111111111111,3.0,0.1111111111111111,0,5,2,2,A
72,8,-8,4.333333333333333,0.2614444444444445,4.888888888888889,0.0,0,4,3,3,3,2.888888888888889,0.2554444444444444,3.888888888888889,0.2222222222222222,3,2,2,11,D
73,6,0,3.0,0.18611111111111112,2.888888888888889,0.0,2,3,2,8,-2,2.0,0.17357142857142854,2.2857142857142856,0.0,1,3,1,4,H
74,8,2,3.0,0.29833333333333334,3.2222222222222223,0.0,3,1,3,12,3,2.5555555555555554,0.23044444444444442,3.888888888888889,0.0,3,1,3,12,A
75,8,0,3.6666666666666665,0.31055555555555553,3.5555555555555554,0.0,1,1,5,8,6,3.2222222222222223,0.2688888888888889,2.888888888888889,0.0,4,2,1,13,A
76,9,-11,3.0,0.2665,3.9,0.1,2,6,0,6,-3,3.1,0.23960000000000004,3.6,0.1,1,3,4,7,H
77,7,-11,1.9,0.1968,3.2,0.1,0,6,2,2,-5,1.875,0.16574999999999998,2.5,0.0,1,4,1,4,A
78,9,1,3.0,0.2985,3.0,0.0,3,2,3,12,8,4.0,0.3392222222222222,5.444444444444445,0.1111111111111111,5,1,1,16,H
79,9,3,3.3,0.1948,3.4,0.0,3,3,2,11,0,3.6,0.2895,3.9,0.0,3,3,2,11,H
80,9,3,3.0,0.2585,3.8,0.2,3,2,3,12,1,3.8,0.24890000000000004,3.7,0.0,4,3,1,13,A
81,7,0,3.25,0.275125,3.625,0.125,3,2,1,10,-2,1.875,0.18,3.5,0.125,1,3,2,5,D
82,9,3,3.0,0.25260000000000005,3.9,0.0,4,2,2,14,5,3.6,0.27,3.7,0.0,4,3,1,13,H
83,9,7,4.0,0.27066666666666667,5.0,0.1111111111111111,5,2,0,15,0,4.2,0.2916,4.1,0.1,1,1,6,9,D
84,9,1,3.7,0.31589999999999996,3.5,0.0,2,1,5,11,4,2.5,0.26380000000000003,2.9,0.2,4,1,3,15,A
85,9,-8,4.3,0.26860000000000006,4.8,0.0,0,4,4,4,4,2.6,0.25739999999999996,4.2,0.0,4,1,3,15,A
86,8,7,4.2,0.27690000000000003,4.9,0.1,5,2,1,16,-2,2.0,0.19033333333333335,3.4444444444444446,0.2222222222222222,1,3,3,6,H
87,8,0,3.3333333333333335,0.268,4.0,0.1111111111111111,3,2,2,11,-6,2.3333333333333335,0.2078888888888889,3.2222222222222223,0.0,1,5,1,4,H
88,10,10,4.0,0.3417,5.5,0.1,6,1,1,19,4,3.5454545454545454,0.27572727272727277,3.8181818181818183,0.09090909090909091,4,4,1,13,A
89,10,2,3.8181818181818183,0.2565454545454546,3.5454545454545454,0.0,5,3,1,16,3,3.909090909090909,0.3268181818181818,4.0,0.0,4,3,2,14,H
90,9,-9,3.0,0.27636363636363637,4.0,0.18181818181818182,3,6,0,9,-5,2.1,0.2088,3.3,0.2,1,4,3,6,H
91,10,0,4.090909090909091,0.28218181818181826,4.545454545454546,0.09090909090909091,1,1,7,10,4,2.909090909090909,0.2523636363636364,4.0,0.18181818181818182,5,2,2,17,H
92,9,-1,2.909090909090909,0.30163636363636365,3.272727272727273,0.0,3,3,3,12,-5,2.3,0.1996,3.6,0.0,2,5,1,7,D
93,10,2,3.090909090909091,0.2680909090909091,3.909090909090909,0.18181818181818182,3,3,3,12,-10,2.3636363636363638,0.21872727272727274,3.1818181818181817,0.09090909090909091,1,6,2,5,A
94,10,-1,3.6363636363636362,0.3099090909090909,4.181818181818182,0.0,2,2,5,11,2,2.727272727272727,0.26199999999999996,4.454545454545454,0.0,4,2,3,15,A
95,10,0,3.272727272727273,0.1998181818181818,3.6363636363636362,0.0,3,4,2,11,-5,3.1818181818181817,0.23700000000000002,3.909090909090909,0.09090909090909091,1,4,4,7,H
96,10,10,4.090909090909091,0.2765454545454546,4.7272727272727275,0.09090909090909091,6,2,1,19,6,2.727272727272727,0.2852727272727273,3.1818181818181817,0.18181818181818182,5,1,3,18,A
97,10,-6,4.454545454545454,0.272909090909091,4.7272727272727275,0.0,1,4,4,7,-1,3.1,0.2503,3.9,0.1,3,3,2,11,A
98,11,-1,2.75,0.28841666666666665,3.4166666666666665,0.0,3,3,4,13,-11,3.0,0.26725,4.0,0.16666666666666666,3,7,0,9,H
99,10,3,4.416666666666667,0.29566666666666674,4.500000000000001,0.08333333333333333,2,1,7,13,-5,2.3636363636363638,0.2087272727272727,3.727272727272727,0.0,2,5,2,8,H
100,11,12,4.166666666666667,0.2914166666666667,4.416666666666667,0.08333333333333333,7,2,1,22,2,3.8333333333333335,0.2834166666666667,4.416666666666667,0.08333333333333333,4,5,1,13,H
101,11,-11,2.8333333333333335,0.24216666666666667,3.5,0.08333333333333333,1,7,2,5,1,3.5833333333333335,0.2995833333333333,3.75,0.0,4,4,2,14,H
102,11,4,3.8333333333333335,0.26083333333333336,3.9166666666666665,0.0,6,3,1,19,4,2.8333333333333335,0.27349999999999997,4.249999999999999,0.0,5,2,3,18,H
103,11,3,3.1666666666666665,0.28275,4.083333333333333,0.16666666666666666,4,3,3,15,4,2.75,0.27816666666666673,3.25,0.16666666666666666,5,2,3,18,D
104,11,0,3.090909090909091,0.26163636363636367,3.727272727272727,0.09090909090909091,4,3,2,14,1,3.4166666666666665,0.20299999999999999,3.8333333333333335,0.0,4,4,2,14,A
105,11,1,2.8333333333333335,0.2521666666666667,4.083333333333333,0.16666666666666666,5,3,2,17,-3,3.6666666666666665,0.3063333333333333,4.5,0.0,2,3,5,11,D
106,10,-3,2.6363636363636362,0.2417272727272727,3.6363636363636362,0.18181818181818182,2,4,3,9,-6,3.0,0.2339166666666667,3.6666666666666665,0.16666666666666666,1,5,4,7,H
107,11,-7,4.499999999999999,0.2668333333333334,4.916666666666667,0.0,1,5,4,7,12,4.181818181818182,0.3651818181818181,5.454545454545454,0.09090909090909091,7,1,1,22,D
108,12,1,3.076923076923077,0.2657692307692308,4.0,0.15384615384615385,5,3,3,18,4,2.923076923076923,0.2888461538461539,3.4615384615384617,0.15384615384615385,5,2,4,19,H
109,12,3,3.3846153846153846,0.29653846153846153,4.230769230769231,0.15384615384615385,4,3,4,16,2,4.230769230769231,0.283923076923077,4.692307692307693,0.07692307692307693,2,2,7,13,A
110,12,-3,2.923076923076923,0.3211538461538461,3.6923076923076925,0.0,3,4,4,13,3,3.769230769230769,0.315,3.5384615384615383,0.0,5,4,2,17,D
111,11,-13,2.8461538461538463,0.24453846153846157,3.5384615384615383,0.15384615384615385,1,8,2,5,12,4.25,0.37266666666666665,5.249999999999999,0.08333333333333333,7,1,2,23,D
112,11,0,3.769230769230769,0.2751538461538462,4.769230769230769,0.07692307692307693,4,6,1,13,-4,2.6666666666666665,0.2270833333333333,3.5833333333333335,0.0,3,5,2,11,D
113,12,-7,4.692307692307692,0.2822307692307693,4.923076923076923,0.0,1,5,5,8,-5,3.230769230769231,0.23792307692307696,4.153846153846154,0.15384615384615385,2,5,4,10,H
114,12,-9,3.3076923076923075,0.2826153846153846,3.923076923076923,0.15384615384615385,4,7,0,12,3,3.3076923076923075,0.2093846153846154,3.6923076923076925,0.0,5,4,2,17,D
115,11,-2,2.8333333333333335,0.23983333333333334,4.0,0.16666666666666666,4,4,2,14,1,4.230769230769231,0.2772307692307692,4.153846153846154,0.0,6,4,1,19,D
116,11,-4,2.6666666666666665,0.2528333333333333,3.6666666666666665,0.16666666666666666,2,5,3,9,7,3.0,0.28746153846153844,4.153846153846152,0.0,6,2,3,21,A
117,12,14,4.3076923076923075,0.31092307692307697,4.230769230769231,0.07692307692307693,8,2,1,25,-3,3.5384615384615383,0.29984615384615376,4.461538461538462,0.0,2,3,6,12,A
118,13,-9,3.2142857142857144,0.28285714285714286,3.7142857142857144,0.14285714285714285,4,7,1,13,-1,4.0,0.26764285714285724,4.714285714285715,0.07142857142857142,2,3,7,13,A
119,13,15,4.5,0.3220714285714286,4.071428571428571,0.14285714285714285,9,2,1,28,0,2.857142857142857,0.24678571428571433,4.071428571428571,0.14285714285714285,5,4,3,18,H
120,13,-3,2.9285714285714284,0.3107857142857143,3.9285714285714284,0.0,3,4,5,14,-6,3.142857142857143,0.24950000000000003,4.214285714285714,0.14285714285714285,2,6,4,10,D
121,13,12,4.153846153846154,0.36046153846153844,5.23076923076923,0.07692307692307693,7,1,3,24,5,3.0,0.28728571428571437,3.5714285714285716,0.14285714285714285,6,2,4,22,H
122,13,-6,4.714285714285714,0.2858571428571429,4.928571428571429,0.0,2,5,5,11,3,3.7142857142857144,0.3231428571428571,3.642857142857143,0.0,5,4,3,18,D
123,13,0,4.0,0.2867857142857143,5.285714285714286,0.07142857142857142,4,6,2,14,8,3.2142857142857144,0.3058571428571429,4.1428571428571415,0.0,7,2,3,24,A
124,13,6,3.4285714285714284,0.30392857142857144,4.285714285714286,0.14285714285714285,5,3,4,19,-4,3.7142857142857144,0.31142857142857133,4.714285714285714,0.0,2,4,6,12,A
125,12,1,4.071428571428571,0.26457142857142857,4.071428571428572,0.0,6,4,2,20,-4,2.4615384615384617,0.2096153846153846,3.4615384615384617,0.07692307692307693,3,5,3,12,H
126,12,-5,2.6153846153846154,0.2452307692307692,4.0,0.15384615384615385,2,6,3,9,3,3.357142857142857,0.2087142857142857,4.0,0.0,5,4,3,18,H
127,12,-2,2.8461538461538463,0.2543846153846154,4.153846153846154,0.15384615384615385,4,4,3,15,-13,2.9285714285714284,0.2508571428571429,3.4285714285714284,0.14285714285714285,1,8,3,6,D
128,14,0,4.133333333333334,0.26546666666666663,4.066666666666667,0.0,6,5,2,20,2,3.4,0.21700000000000003,4.066666666666666,0.0,5,5,3,18,H
129,14,0,4.133333333333334,0.2784000000000001,4.866666666666668,0.06666666666666667,3,3,7,16,3,3.6666666666666665,0.34159999999999996,3.466666666666667,0.06666666666666667,5,4,4,19,D
130,13,-13,3.066666666666667,0.26193333333333335,3.4,0.13333333333333333,1,8,4,7,-4,3.142857142857143,0.2753571428571428,4.285714285714286,0.14285714285714285,3,6,3,12,A
131,14,5,3.6,0.3058666666666667,4.733333333333333,0.13333333333333333,5,4,4,19,1,4.066666666666666,0.30473333333333336,5.466666666666667,0.06666666666666667,5,6,2,17,H
132,14,-3,3.6,0.30733333333333324,4.6,0.0,3,4,6,15,13,4.214285714285714,0.3585,5.357142857142856,0.07142857142857142,8,1,3,27,D
133,14,-6,4.6,0.29180000000000006,5.0,0.0,2,5,6,12,-10,3.2666666666666666,0.2845333333333333,4.133333333333334,0.13333333333333333,4,8,1,13,D
134,13,-2,2.8666666666666667,0.24853333333333338,4.333333333333333,0.13333333333333333,5,5,3,18,-3,2.7142857142857144,0.21721428571428567,3.857142857142857,0.07142857142857142,4,5,3,15,H
135,14,7,3.2666666666666666,0.3021333333333333,4.333333333333331,0.0,7,3,3,24,4,2.8666666666666667,0.28146666666666675,3.533333333333333,0.13333333333333333,6,3,4,22,H
136,14,-3,2.8666666666666667,0.3091333333333333,3.8666666666666667,0.0,3,4,6,15,-2,3.0,0.25721428571428573,4.2857142857142865,0.14285714285714285,4,4,4,16,H
137,14,17,4.466666666666667,0.3211333333333333,4.066666666666666,0.13333333333333333,10,2,1,31,-6,3.2666666666666666,0.26620000000000005,4.333333333333333,0.13333333333333333,2,6,5,11,A
138,15,7,2.875,0.2873125000000001,3.5,0.125,7,3,4,25,-6,2.8,0.22179999999999997,4.0,0.06666666666666667,4,6,3,15,H
139,14,-2,2.875,0.3054375,4.0625,0.0,4,4,6,18,-3,3.2666666666666666,0.28079999999999994,4.333333333333333,0.13333333333333333,4,6,3,15,D
140,15,-14,3.25,0.269,3.5625,0.125,1,9,4,7,-5,3.375,0.27037500000000003,4.3125,0.125,3,6,5,14,H
141,15,0,4.3125,0.28675000000000006,4.875000000000001,0.0625,3,3,8,17,13,4.333333333333333,0.3654,5.599999999999999,0.13333333333333333,8,1,4,28,H
142,15,16,4.75,0.3291875,4.25,0.125,10,3,1,31,4,3.125,0.2895,4.124999999999998,0.0,7,4,3,24,A
143,15,-6,4.75,0.29037500000000005,5.125,0.0,2,5,7,13,1,3.5625,0.22550000000000003,4.1875,0.0,5,6,3,18,H
144,15,2,3.375,0.28675,4.4375,0.125,5,5,4,19,1,2.9375,0.24968750000000003,4.25,0.125,6,5,3,21,D
145,15,-3,2.8666666666666667,0.24480000000000002,4.2666666666666675,0.13333333333333333,4,5,4,16,4,4.125,0.32043750000000004,5.3125,0.0625,6,6,2,20,D
146,15,-10,3.375,0.2875625,4.1875,0.125,4,8,2,14,1,4.125,0.273875,3.9375000000000004,0.0625,7,5,2,23,H
147,15,-3,3.8125,0.3138749999999999,4.625,0.125,3,4,7,16,3,3.625,0.33468749999999997,3.375,0.0625,5,4,5,20,H
148,15,-3,3.3125,0.2909999999999999,4.5625,0.125,4,6,4,16,-1,3.0,0.22874999999999998,4.0,0.0625,5,6,3,18,D
149,15,-2,3.8823529411764706,0.2577647058823529,3.9411764705882355,0.11764705882352941,7,6,2,23,15,4.375,0.364875,5.562499999999999,0.125,9,1,4,31,H
150,16,-2,4.176470588235294,0.2894705882352942,4.764705882352942,0.058823529411764705,3,4,8,17,-3,3.411764705882353,0.2725882352941177,4.294117647058823,0.11764705882352941,4,6,5,17,D
151,16,-2,2.8823529411764706,0.3051176470588235,3.8823529411764706,0.0,4,4,7,19,2,3.6470588235294117,0.23058823529411768,4.235294117647059,0.0,6,6,3,21,D
152,16,-7,3.5294117647058822,0.29270588235294115,4.235294117647059,0.11764705882352941,5,8,2,17,-16,3.176470588235294,0.26494117647058824,3.4705882352941178,0.11764705882352941,1,10,4,7,A
153,16,4,4.0588235294117645,0.31923529411764706,5.0588235294117645,0.058823529411764705,6,6,3,21,4,3.6470588235294117,0.3364117647058823,3.411764705882353,0.058823529411764705,6,4,5,23,D
154,16,-4,3.8823529411764706,0.31270588235294106,4.647058823529412,0.11764705882352941,3,5,7,16,-1,3.0588235294117645,0.23670588235294118,3.8823529411764706,0.058823529411764705,5,6,4,19,A
155,16,-7,4.647058823529412,0.2893529411764706,4.9411764705882355,0.0,2,6,7,13,-3,3.588235294117647,0.29629411764705876,4.588235294117647,0.11764705882352941,4,6,5,17,A
156,16,-3,2.6875,0.2295,4.375000000000001,0.125,4,5,5,17,2,2.823529411764706,0.28111764705882364,3.2941176470588234,0.23529411764705882,7,4,4,25,H
157,16,18,4.823529411764706,0.3318823529411765,4.0588235294117645,0.11764705882352941,11,3,1,34,2,3.411764705882353,0.28458823529411764,4.588235294117647,0.11764705882352941,5,5,5,20,H
158,16,1,3.0588235294117645,0.256,4.352941176470588,0.11764705882352941,6,5,4,22,2,3.235294117647059,0.2951176470588235,4.294117647058822,0.0,7,5,3,24,H
159,16,-4,2.8823529411764706,0.25523529411764706,4.352941176470589,0.17647058823529413,4,6,5,17,14,4.352941176470588,0.3904705882352941,5.2941176470588225,0.11764705882352941,9,2,4,31,D
160,17,23,5.055555555555555,0.34677777777777785,4.111111111111111,0.1111111111111111,12,3,1,37,0,3.0555555555555554,0.26522222222222225,3.7777777777777777,0.05555555555555555,6,6,4,22,H
161,17,-1,3.611111111111111,0.2969444444444444,4.722222222222222,0.1111111111111111,5,6,5,20,-1,3.888888888888889,0.2619444444444444,4.055555555555555,0.1111111111111111,8,6,2,26,A
162,17,-2,2.8333333333333335,0.3040555555555555,3.9444444444444446,0.0,4,4,8,20,-9,4.5,0.28022222222222226,4.888888888888889,0.0,2,7,7,13,H
163,17,4,4.388888888888889,0.3256666666666666,5.111111111111111,0.05555555555555555,6,6,4,22,-3,3.5,0.2772777777777778,4.111111111111111,0.1111111111111111,4,6,6,18,H
164,17,4,3.2222222222222223,0.26955555555555555,4.166666666666667,0.1111111111111111,7,5,4,25,14,4.666666666666667,0.3952222222222222,5.333333333333332,0.1111111111111111,9,2,5,32,D
165,17,-17,3.2777777777777777,0.2716111111111111,3.5555555555555554,0.1111111111111111,1,11,4,7,2,3.7777777777777777,0.24000000000000002,4.388888888888889,0.0,6,6,4,22,H
166,17,-3,3.5,0.29194444444444445,4.611111111111111,0.1111111111111111,5,6,5,20,-1,3.0555555555555554,0.2787222222222222,4.166666666666665,0.05555555555555555,7,6,3,24,H
167,17,-4,2.8333333333333335,0.2521666666666667,4.333333333333334,0.2222222222222222,4,6,6,18,-2,4.222222222222222,0.2965555555555556,4.833333333333334,0.05555555555555555,3,4,9,18,H
168,17,-6,3.611111111111111,0.29627777777777775,4.277777777777778,0.1111111111111111,6,8,2,20,-5,3.9444444444444446,0.30855555555555547,4.833333333333333,0.1111111111111111,3,6,7,16,A
169,17,3,2.888888888888889,0.2857222222222223,3.3333333333333335,0.2222222222222222,8,4,4,28,4,3.5555555555555554,0.33994444444444444,3.2777777777777777,0.05555555555555555,6,4,6,24,D
170,18,-1,2.8421052631578947,0.30778947368421045,3.9473684210526314,0.0,5,4,8,23,1,4.0,0.2692105263157895,4.105263157894737,0.10526315789473684,9,6,2,29,D
171,18,-3,4.473684210526316,0.31052631578947376,4.789473684210527,0.05263157894736842,3,5,9,18,4,4.0,0.25073684210526315,4.631578947368421,0.0,7,6,4,25,H
172,18,22,5.105263157894737,0.35484210526315796,4.157894736842105,0.10526315789473684,12,4,1,37,4,3.526315789473684,0.3536315789473684,3.4210526315789473,0.05263157894736842,6,4,7,25,D
173,18,-10,4.473684210526316,0.27952631578947373,5.368421052631579,0.0,2,8,7,13,-19,3.1052631578947367,0.25731578947368416,3.5789473684210527,0.10526315789473684,1,12,4,7,A
174,18,-3,3.6315789473684212,0.29884210526315785,4.894736842105263,0.10526315789473684,5,7,5,20,2,4.2105263157894735,0.31731578947368416,4.894736842105263,0.05263157894736842,6,7,4,22,H
175,18,-3,2.8421052631578947,0.26147368421052636,4.3157894736842115,0.21052631578947367,5,6,6,21,-4,3.8947368421052633,0.3120526315789473,4.947368421052632,0.10526315789473684,4,6,7,19,A
176,18,-4,3.210526315789474,0.2826315789473684,4.315789473684209,0.05263157894736842,7,7,3,24,1,3.0,0.260842105263158,3.8421052631578947,0.05263157894736842,7,6,4,25,A
177,18,-7,3.6842105263157894,0.29531578947368414,4.2631578947368425,0.10526315789473684,6,9,2,20,4,3.1052631578947367,0.2628947368421053,4.105263157894737,0.10526315789473684,7,5,5,26,H
178,18,3,2.8421052631578947,0.2812105263157896,3.473684210526316,0.21052631578947367,8,4,5,29,-1,3.6315789473684212,0.27773684210526317,4.2631578947368425,0.10526315789473684,5,6,6,21,D
179,18,0,3.736842105263158,0.3046315789473684,4.578947368421052,0.10526315789473684,6,6,5,23,14,4.578947368421052,0.387578947368421,5.315789473684209,0.10526315789473684,9,2,6,33,D
180,19,-10,3.7,0.29229999999999995,4.3,0.1,6,10,2,20,4,4.2,0.32644999999999996,4.7,0.05,7,7,4,25,H
181,19,0,3.75,0.3048,4.449999999999999,0.1,6,6,6,24,2,3.05,0.27635000000000004,3.8,0.05,8,6,4,28,H
182,19,-1,2.7,0.2923999999999999,3.85,0.0,5,4,9,24,-20,3.1,0.25599999999999995,3.55,0.1,1,13,4,7,H
183,19,1,3.95,0.26575000000000004,4.1,0.1,9,6,3,30,-1,3.7,0.2831,4.25,0.1,5,6,7,22,H
184,19,22,5.15,0.36210000000000003,4.2,0.1,12,4,2,38,14,4.499999999999999,0.3797499999999999,5.199999999999998,0.1,9,2,7,34,D
185,19,7,3.3,0.27665000000000006,4.1,0.1,8,5,5,29,4,3.6,0.35259999999999997,3.65,0.05,6,4,8,26,H
186,19,-9,4.5,0.29055000000000003,5.25,0.0,3,8,7,16,3,2.85,0.2778500000000001,3.65,0.2,8,4,6,30,A
187,19,-5,4.05,0.30989999999999995,5.35,0.1,4,7,7,19,1,3.9,0.2493,4.45,0.0,7,7,4,25,A
188,19,-2,2.85,0.2634,4.15,0.2,6,6,6,24,-5,3.5,0.28805,4.499999999999998,0.05,7,8,3,24,D
189,20,-9,3.761904761904762,0.29161904761904756,4.428571428571429,0.09523809523809523,7,10,2,23,4,2.761904761904762,0.2765238095238096,3.6666666666666665,0.19047619047619047,9,4,6,33,H
190,20,14,4.619047619047619,0.3755714285714285,5.428571428571427,0.09523809523809523,9,2,8,35,4,3.0476190476190474,0.27747619047619054,3.7142857142857144,0.047619047619047616,9,6,4,31,D
191,20,-10,4.380952380952381,0.2830476190476191,5.571428571428571,0.0,3,9,7,16,0,3.857142857142857,0.26176190476190486,4.142857142857143,0.09523809523809523,9,7,3,30,A
192,19,0,4.5,0.30750000000000005,4.800000000000002,0.05,4,5,9,21,-22,3.0476190476190474,0.26285714285714284,3.619047619047619,0.09523809523809523,1,14,4,7,D
193,20,22,5.095238095238095,0.36600000000000005,4.190476190476191,0.09523809523809523,12,4,3,39,-2,2.8095238095238093,0.2588095238095238,4.285714285714286,0.19047619047619047,6,6,7,25,H
194,20,1,2.761904761904762,0.29119047619047606,3.857142857142857,0.0,6,4,9,27,3,4.142857142857143,0.32390476190476186,4.666666666666667,0.047619047619047616,7,8,4,25,H
195,20,-2,3.8095238095238093,0.30614285714285716,4.571428571428571,0.14285714285714285,6,7,6,24,5,3.857142857142857,0.36438095238095236,3.761904761904762,0.047619047619047616,7,4,8,29,A
196,20,6,3.2857142857142856,0.27538095238095245,4.0476190476190474,0.14285714285714285,8,6,5,29,0,4.0,0.2542380952380952,4.285714285714286,0.0,7,8,4,25,H
197,19,-4,4.0476190476190474,0.31419047619047613,5.238095238095238,0.09523809523809523,5,7,7,22,-5,3.55,0.29389999999999994,4.95,0.15,5,8,5,20,H
198,20,-5,3.4761904761904763,0.29219047619047617,4.428571428571427,0.047619047619047616,7,8,4,25,0,3.761904761904762,0.2894761904761905,4.095238095238095,0.09523809523809523,6,6,7,25,H
199,21,-12,3.6818181818181817,0.28972727272727267,4.363636363636363,0.09090909090909091,7,11,2,23,-3,3.6818181818181817,0.2952727272727273,4.7272727272727275,0.13636363636363635,6,8,6,24,D
200,21,-2,3.8636363636363638,0.2638636363636364,4.1818181818181825,0.09090909090909091,9,8,3,30,7,2.9545454545454546,0.2928636363636365,3.5454545454545454,0.18181818181818182,10,4,6,36,A
201,21,0,2.6818181818181817,0.28249999999999986,4.090909090909091,0.0,6,5,9,27,-1,4.136363636363637,0.3246818181818181,5.090909090909091,0.09090909090909091,6,7,7,25,H
202,21,8,3.3181818181818183,0.28881818181818186,4.0,0.13636363636363635,9,6,5,32,-2,3.6818181818181817,0.2876818181818182,3.9545454545454546,0.13636363636363635,6,7,7,25,H
203,21,-22,2.9545454545454546,0.25740909090909087,3.5454545454545454,0.13636363636363635,1,14,5,8,4,4.272727272727273,0.33568181818181814,4.636363636363637,0.045454545454545456,8,8,4,28,A
204,20,-8,4.363636363636364,0.2841818181818182,5.454545454545454,0.045454545454545456,4,9,7,19,0,4.476190476190476,0.3040476190476191,5.000000000000002,0.047619047619047616,4,5,10,22,D
205,21,-2,3.9545454545454546,0.2531818181818182,4.409090909090909,0.0,7,9,4,25,-3,3.772727272727273,0.3056363636363636,4.59090909090909,0.045454545454545456,8,8,4,28,H
206,21,-3,2.8636363636363633,0.26218181818181824,4.363636363636363,0.18181818181818182,6,7,7,25,4,2.909090909090909,0.26486363636363647,3.8181818181818183,0.045454545454545456,9,6,5,32,D
207,20,23,5.090909090909091,0.3635454545454546,4.090909090909091,0.09090909090909091,13,4,3,42,-8,3.5238095238095237,0.29290476190476183,4.904761904761905,0.14285714285714285,5,9,5,20,H
208,21,14,4.499999999999999,0.36386363636363633,5.363636363636362,0.09090909090909091,9,2,9,36,6,3.909090909090909,0.3685,3.6818181818181817,0.045454545454545456,8,4,8,32,H
209,22,-12,3.6956521739130435,0.2905217391304347,4.217391304347826,0.08695652173913043,7,11,3,24,4,2.9130434782608696,0.2633913043478262,3.9565217391304346,0.043478260869565216,9,6,6,33,D
210,21,0,4.5,0.31295454545454554,4.81818181818182,0.09090909090909091,4,5,11,23,-3,3.9130434782608696,0.28343478260869576,4.086956521739131,0.13043478260869565,9,9,3,30,H
211,22,1,2.8260869565217392,0.2888695652173912,4.086956521739131,0.0,7,5,9,30,20,5.043478260869565,0.3622173913043479,4.043478260869565,0.08695652173913043,13,5,3,42,H
212,22,-8,4.434782608695653,0.29047826086956524,5.391304347826086,0.043478260869565216,4,9,8,20,7,4.434782608695653,0.34426086956521734,4.521739130434782,0.043478260869565216,9,8,4,31,H
213,22,13,4.478260869565217,0.36252173913043473,5.391304347826086,0.08695652173913043,9,3,9,36,0,3.869565217391304,0.29447826086956524,4.130434782608695,0.13043478260869565,7,7,7,28,D
214,22,-25,2.9130434782608696,0.25165217391304345,3.5652173913043477,0.13043478260869565,1,15,5,8,-2,4.173913043478261,0.32199999999999995,5.217391304347826,0.08695652173913043,6,8,7,25,H
215,22,-5,3.869565217391304,0.3249565217391304,4.565217391304347,0.043478260869565216,8,9,4,28,7,3.9565217391304346,0.3645652173913043,3.739130434782609,0.043478260869565216,9,4,8,35,D
216,22,-3,2.869565217391304,0.2652608695652175,4.434782608695652,0.17391304347826086,6,7,8,26,-3,3.652173913043478,0.2969130434782609,4.782608695652174,0.13043478260869565,6,8,7,25,H
217,21,6,3.608695652173913,0.29604347826086963,4.304347826086956,0.13043478260869565,9,7,5,32,-5,3.590909090909091,0.30799999999999994,4.818181818181818,0.13636363636363635,6,9,5,23,A
218,22,0,4.086956521739131,0.2624782608695652,4.391304347826087,0.0,8,9,4,28,8,3.0869565217391304,0.30621739130434794,3.4782608695652173,0.21739130434782608,11,4,6,39,H
219,23,-12,3.625,0.28395833333333326,4.125,0.08333333333333333,7,11,4,25,13,4.499999999999999,0.35837499999999994,5.333333333333332,0.08333333333333333,9,3,10,37,D
220,23,-5,3.8333333333333335,0.2799583333333335,4.041666666666667,0.125,9,10,3,30,8,4.375000000000001,0.33954166666666663,4.374999999999999,0.041666666666666664,10,8,4,34,H
221,22,-1,3.7083333333333335,0.2984166666666667,4.791666666666667,0.125,7,8,7,28,-4,3.5217391304347827,0.3013043478260869,4.695652173913044,0.13043478260869565,7,9,5,26,D
222,22,2,4.565217391304348,0.31943478260869573,4.826086956521741,0.13043478260869565,5,5,11,26,1,4.208333333333333,0.3215833333333333,5.291666666666667,0.08333333333333333,7,8,7,28,D
223,23,0,3.7916666666666665,0.2897916666666667,4.25,0.125,7,7,8,29,4,3.0,0.27558333333333346,4.041666666666667,0.041666666666666664,9,6,7,34,H
224,23,-28,2.9166666666666665,0.25904166666666667,3.5833333333333335,0.125,1,16,5,8,-5,4.041666666666667,0.3310416666666666,4.749999999999999,0.041666666666666664,8,9,5,29,D
225,23,-9,4.500000000000001,0.29308333333333336,5.333333333333332,0.041666666666666664,4,10,8,20,5,3.6666666666666665,0.29758333333333337,4.333333333333333,0.16666666666666666,9,8,5,32,H
226,23,-5,2.8333333333333335,0.2661250000000001,4.416666666666667,0.16666666666666666,6,8,8,26,7,3.9166666666666665,0.36325,3.75,0.041666666666666664,9,4,9,36,D
227,23,-1,2.8333333333333335,0.29470833333333324,4.083333333333334,0.0,7,6,9,30,9,3.1666666666666665,0.31083333333333346,3.5833333333333335,0.20833333333333334,12,4,6,42,H
228,23,22,5.166666666666667,0.3656250000000001,4.208333333333333,0.08333333333333333,14,5,3,45,-1,4.041666666666667,0.258875,4.291666666666667,0.0,8,10,4,28,D
229,24,-28,2.96,0.26012,3.52,0.12,1,16,6,9,8,3.08,0.3184000000000001,3.56,0.2,12,5,6,42,H
230,24,-8,4.6400000000000015,0.29528000000000004,5.439999999999999,0.04,5,10,8,23,22,5.12,0.3633200000000001,4.12,0.08,14,5,4,46,H
231,23,2,4.5,0.31445833333333345,4.875000000000002,0.125,5,5,12,27,7,4.240000000000001,0.3288,4.439999999999999,0.04,10,9,4,34,D
232,24,-5,2.88,0.27004000000000006,4.4,0.16,6,8,9,27,13,4.439999999999999,0.36119999999999997,5.119999999999999,0.08,9,3,11,38,H
233,24,1,4.12,0.3487199999999999,5.36,0.08,7,8,8,29,-4,3.96,0.29988000000000015,4.04,0.12,10,10,3,33,D
234,24,-12,3.52,0.2770399999999999,4.4,0.08,7,11,5,26,-5,4.04,0.32847999999999994,4.719999999999999,0.04,8,9,6,30,A
235,24,-1,3.68,0.30148,4.76,0.12,7,8,8,29,-1,4.04,0.2558,4.24,0.0,8,10,5,29,H
236,24,0,2.8,0.2901999999999999,4.2,0.0,8,6,9,33,4,3.6,0.29368000000000005,4.28,0.16,9,9,5,32,H
237,23,-4,3.6666666666666665,0.3059166666666666,5.041666666666667,0.125,7,9,6,27,-1,3.08,0.2827600000000001,4.04,0.04,9,7,7,34,A
238,24,5,4.0,0.29936000000000007,4.2,0.12,8,7,8,32,7,3.92,0.3594,3.84,0.04,9,4,10,37,A
239,25,-11,3.6923076923076925,0.282576923076923,4.461538461538462,0.07692307692307693,8,11,5,29,-6,2.8461538461538463,0.2706538461538462,4.307692307692308,0.15384615384615385,6,9,9,27,H
240,25,25,5.153846153846154,0.37500000000000006,4.153846153846154,0.07692307692307693,15,5,4,49,-4,3.8846153846153846,0.2960384615384617,4.038461538461538,0.11538461538461539,10,10,4,34,H
241,24,-1,3.76,0.31767999999999996,4.96,0.12,8,9,6,30,5,3.8846153846153846,0.3551923076923077,3.8846153846153846,0.038461538461538464,9,5,10,37,D
242,24,2,4.44,0.3190400000000001,4.800000000000002,0.12,5,5,13,28,-6,4.076923076923077,0.3372307692307691,4.846153846153845,0.038461538461538464,8,10,6,30,H
243,25,-3,2.9615384615384617,0.2969999999999999,4.384615384615385,0.0,8,7,9,33,2,3.769230769230769,0.3034615384615385,4.730769230769231,0.11538461538461539,8,8,8,32,H
244,25,-31,2.923076923076923,0.2586538461538462,3.5384615384615383,0.11538461538461539,1,17,6,9,7,3.769230769230769,0.3043461538461539,4.230769230769231,0.15384615384615385,10,9,5,35,H
245,25,-11,4.692307692307694,0.3031538461538462,5.461538461538461,0.038461538461538464,5,11,8,23,-4,3.269230769230769,0.28896153846153855,4.230769230769231,0.038461538461538464,9,8,7,34,D
246,25,-4,3.9615384615384617,0.2523846153846154,4.269230769230769,0.07692307692307693,8,11,5,29,14,4.499999999999999,0.3565384615384615,5.423076923076923,0.07692307692307693,10,3,11,41,H
247,25,1,4.0,0.34011538461538454,5.461538461538462,0.07692307692307693,7,8,9,30,7,3.9615384615384617,0.29746153846153855,4.038461538461538,0.11538461538461539,9,7,8,35,H
248,25,7,4.230769230769232,0.32799999999999996,4.346153846153845,0.038461538461538464,10,9,5,35,11,3.230769230769231,0.3230000000000001,3.5384615384615383,0.19230769230769232,13,5,6,45,A
249,26,0,4.074074074074074,0.2603333333333333,4.2592592592592595,0.07407407407407407,9,11,5,32,-4,3.259259259259259,0.29677777777777786,4.148148148148148,0.037037037037037035,9,8,8,35,A
250,26,24,5.037037037037037,0.37037037037037046,4.222222222222222,0.07407407407407407,15,6,4,49,-30,2.925925925925926,0.25833333333333336,3.5555555555555554,0.1111111111111111,2,17,6,12,H
251,25,-1,3.6538461538461537,0.3093076923076923,4.884615384615385,0.11538461538461539,8,9,7,31,10,4.4074074074074066,0.3500740740740741,5.296296296296297,0.07407407407407407,10,4,11,41,H
252,26,-10,3.7037037037037037,0.2827037037037036,4.555555555555555,0.07407407407407407,9,11,5,32,5,3.888888888888889,0.3555185185185185,3.7777777777777777,0.037037037037037035,9,5,11,38,A
253,26,0,3.925925925925926,0.3398518518518518,5.62962962962963,0.07407407407407407,7,9,9,30,1,4.1111111111111125,0.3204814814814814,4.370370370370369,0.07407407407407407,10,10,5,35,D
254,26,-2,3.0,0.2983333333333332,4.407407407407408,0.0,9,7,9,36,-8,4.074074074074074,0.3411851851851851,4.8888888888888875,0.037037037037037035,8,11,6,30,H
255,26,-11,4.814814814814817,0.3054074074074075,5.370370370370369,0.037037037037037035,5,11,9,24,1,3.740740740740741,0.31074074074074076,4.777777777777778,0.1111111111111111,8,9,8,32,A
256,26,6,3.7777777777777777,0.30366666666666675,4.2592592592592595,0.14814814814814814,10,10,5,35,-3,3.925925925925926,0.2993333333333335,4.074074074074074,0.1111111111111111,11,10,4,37,A
257,26,4,4.538461538461539,0.3291923076923078,4.615384615384617,0.11538461538461539,6,5,13,31,17,3.4444444444444446,0.3366666666666668,3.5185185185185186,0.18518518518518517,14,5,6,48,D
258,26,-7,2.888888888888889,0.2754444444444445,4.296296296296297,0.14814814814814814,6,10,9,27,8,4.037037037037037,0.29951851851851863,3.925925925925926,0.1111111111111111,10,7,8,38,D
259,27,-1,3.642857142857143,0.30475,4.821428571428571,0.10714285714285714,8,10,8,32,-2,3.9642857142857144,0.31096428571428586,3.964285714285715,0.14285714285714285,12,10,4,40,A
260,26,-7,2.9285714285714284,0.2798928571428572,4.214285714285714,0.14285714285714285,6,10,10,28,-2,3.6666666666666665,0.31266666666666665,4.851851851851852,0.1111111111111111,8,10,7,31,D
261,26,26,5.142857142857143,0.37500000000000006,4.321428571428571,0.07142857142857142,16,6,4,52,4,4.518518518518519,0.3304814814814816,4.703703703703705,0.1111111111111111,6,5,14,32,A
262,27,-4,3.0,0.29957142857142843,4.42857142857143,0.0,9,8,9,36,11,4.428571428571428,0.3554285714285714,5.428571428571429,0.07142857142857142,11,4,11,44,D
263,27,-9,3.7142857142857144,0.2884642857142857,4.464285714285714,0.10714285714285714,10,11,5,35,8,4.0,0.29510714285714296,3.9642857142857144,0.10714285714285714,10,7,9,39,H
264,27,-32,2.9642857142857144,0.26339285714285715,3.642857142857143,0.10714285714285714,2,18,6,12,-6,3.3214285714285716,0.2973214285714286,4.285714285714286,0.03571428571428571,9,9,8,35,H
265,27,5,3.9285714285714284,0.3078571428571429,4.25,0.17857142857142858,10,11,5,35,1,4.1071428571428585,0.3209285714285714,4.32142857142857,0.07142857142857142,10,10,6,36,D
266,27,-9,4.714285714285716,0.30471428571428577,5.2142857142857135,0.03571428571428571,6,11,9,27,-6,4.107142857142858,0.34089285714285705,4.82142857142857,0.03571428571428571,9,11,6,33,D
267,27,0,3.9285714285714284,0.3435714285714285,5.642857142857143,0.07142857142857142,7,9,10,31,17,3.4642857142857144,0.33653571428571444,3.4642857142857144,0.17857142857142858,14,5,7,49,H
268,27,2,4.178571428571429,0.2649285714285714,4.214285714285714,0.07142857142857142,10,11,5,35,4,3.892857142857143,0.3490357142857143,3.8214285714285716,0.03571428571428571,9,6,11,38,D
269,27,-10,3.7241379310344827,0.2910689655172413,4.413793103448276,0.10344827586206896,10,12,5,35,-2,3.607142857142857,0.3086428571428571,4.857142857142857,0.10714285714285714,8,10,8,32,D
270,28,-4,2.896551724137931,0.2892413793103447,4.379310344827587,0.0,9,8,10,37,-7,3.310344827586207,0.29568965517241386,4.137931034482759,0.034482758620689655,9,10,8,35,D
271,28,11,4.310344827586206,0.35006896551724137,5.379310344827586,0.06896551724137931,11,4,12,45,1,4.10344827586207,0.3204827586206896,4.413793103448275,0.06896551724137931,10,10,7,37,H
272,28,-3,4.0,0.31172413793103465,3.965517241379311,0.13793103448275862,12,11,4,40,4,3.8275862068965516,0.35079310344827586,3.7241379310344827,0.034482758620689655,9,6,12,39,D
273,28,-3,3.8620689655172415,0.3489655172413793,5.620689655172414,0.06896551724137931,7,10,10,31,-6,3.965517241379311,0.3291379310344827,4.689655172413792,0.034482758620689655,9,11,7,34,H
274,28,0,3.6551724137931036,0.3080344827586207,4.793103448275862,0.10344827586206896,9,10,8,35,-31,3.0344827586206895,0.26662068965517244,3.7241379310344827,0.10344827586206896,3,18,6,15,A
275,28,-9,4.724137931034485,0.30203448275862077,5.275862068965516,0.034482758620689655,6,11,10,28,-7,2.9310344827586206,0.28503448275862076,4.206896551724138,0.1724137931034483,6,10,11,29,A
276,27,3,4.392857142857143,0.32107142857142873,4.678571428571431,0.10714285714285714,6,6,14,32,5,3.8275862068965516,0.3001034482758621,4.137931034482759,0.1724137931034483,10,11,6,36,D
277,28,27,5.0344827586206895,0.37193103448275866,4.241379310344827,0.06896551724137931,17,6,4,55,20,3.5172413793103448,0.3393103448275863,3.4827586206896552,0.1724137931034483,15,5,7,52,H
278,28,2,4.310344827586207,0.2695862068965517,4.275862068965517,0.06896551724137931,10,11,6,36,9,4.068965517241379,0.294793103448276,4.137931034482759,0.10344827586206896,11,7,9,42,H
279,28,3,4.310344827586207,0.31689655172413805,4.689655172413795,0.10344827586206896,6,6,15,33,-2,3.6551724137931036,0.3103103448275862,5.137931034482759,0.10344827586206896,8,10,9,33,A
280,29,-3,3.9,0.30410000000000015,3.9666666666666672,0.13333333333333333,12,11,5,41,-4,3.866666666666667,0.32373333333333326,4.633333333333332,0.03333333333333333,10,11,7,37,D
281,29,4,4.3,0.3184666666666668,4.6333333333333355,0.1,7,6,15,36,-7,3.3333333333333335,0.29473333333333335,4.233333333333333,0.03333333333333333,9,10,9,36,H
282,29,-4,2.8666666666666667,0.28566666666666657,4.366666666666668,0.0,9,8,11,38,-10,3.8666666666666667,0.2980333333333333,4.4,0.1,10,12,6,36,D
283,29,-30,3.033333333333333,0.2702333333333334,3.6333333333333333,0.13333333333333333,4,18,6,18,4,3.8333333333333335,0.34936666666666666,3.6666666666666665,0.03333333333333333,9,6,13,40,A
284,29,29,5.0,0.3743333333333334,4.2,0.06666666666666667,18,6,4,58,-1,4.066666666666668,0.31889999999999996,4.433333333333333,0.06666666666666667,10,11,7,37,A
285,29,5,3.7333333333333334,0.29426666666666673,4.1000000000000005,0.2,10,11,7,37,-5,3.8,0.3434,5.566666666666666,0.06666666666666667,7,11,10,31,D
286,29,-8,4.700000000000002,0.3041000000000001,5.166666666666666,0.03333333333333333,7,11,10,31,13,4.3,0.35173333333333334,5.333333333333333,0.06666666666666667,12,4,12,48,D
287,29,-8,3.033333333333333,0.2898333333333334,4.3,0.16666666666666666,6,11,11,29,0,4.366666666666666,0.27599999999999997,4.266666666666667,0.06666666666666667,10,12,6,36,D
288,29,-1,3.6666666666666665,0.30990000000000006,4.833333333333333,0.1,9,11,8,35,18,3.533333333333333,0.3446666666666668,3.6,0.16666666666666666,15,6,7,52,H
289,29,-3,3.6333333333333333,0.30663333333333326,5.2,0.1,8,11,9,33,11,4.033333333333333,0.29606666666666676,4.133333333333334,0.1,12,7,9,45,D
290,30,-10,3.774193548387097,0.292,4.354838709677419,0.0967741935483871,10,12,7,37,0,4.354838709677419,0.27632258064516124,4.32258064516129,0.0967741935483871,10,12,7,37,A
291,30,-4,4.032258064516131,0.3166774193548387,4.516129032258063,0.06451612903225806,10,12,7,37,-12,3.2580645161290325,0.2932903225806452,4.129032258064516,0.06451612903225806,9,11,9,36,H
292,30,-8,4.709677419354841,0.308967741935484,5.064516129032257,0.03225806451612903,7,11,11,32,11,4.064516129032258,0.29893548387096786,4.193548387096774,0.0967741935483871,12,7,10,46,A
293,30,-31,3.096774193548387,0.27303225806451614,3.838709677419355,0.12903225806451613,4,19,6,18,13,4.193548387096774,0.3468387096774193,5.32258064516129,0.06451612903225806,12,4,13,49,H
294,30,-4,2.935483870967742,0.28719354838709665,4.419354838709678,0.0,9,8,12,39,5,3.870967741935484,0.358258064516129,3.5806451612903225,0.03225806451612903,10,6,13,43,A
295,30,-4,3.6129032258064515,0.30635483870967745,4.935483870967742,0.0967741935483871,9,12,8,35,9,4.451612903225806,0.3263225806451614,4.645161290322583,0.0967741935483871,8,6,15,39,A
296,30,-8,2.967741935483871,0.291225806451613,4.32258064516129,0.16129032258064516,6,11,12,30,-3,3.935483870967742,0.3050322580645163,4.03225806451613,0.12903225806451613,12,11,6,42,D
297,30,5,3.7096774193548385,0.2955161290322581,4.03225806451613,0.1935483870967742,10,11,8,38,21,3.6774193548387095,0.3496774193548388,3.903225806451613,0.16129032258064516,16,6,7,55,H
298,30,32,5.0,0.37838709677419363,4.161290322580645,0.06451612903225806,19,6,4,61,-5,3.870967741935484,0.34074193548387094,5.612903225806452,0.06451612903225806,7,11,11,32,H
299,30,-3,3.6451612903225805,0.3039032258064515,5.161290322580645,0.0967741935483871,8,11,10,34,-4,3.8387096774193554,0.3240322580645161,4.483870967741934,0.03225806451612903,10,11,8,38,H
300,31,14,4.21875,0.34381249999999997,5.59375,0.09375,13,4,13,52,19,3.625,0.3465625000000001,3.96875,0.15625,16,7,7,55,H
301,31,-3,3.875,0.30118750000000016,3.937500000000001,0.125,12,11,7,43,-9,3.46875,0.296625,4.1875,0.0625,10,11,9,39,D
302,31,-12,3.75,0.29328125,4.53125,0.09375,10,13,7,37,10,4.46875,0.3258750000000001,4.750000000000002,0.09375,9,6,15,42,A
303,31,-3,2.9375,0.2854374999999999,4.437500000000001,0.0,10,8,12,42,10,4.1875,0.2982187500000001,4.40625,0.09375,12,8,10,46,A
304,31,-8,2.96875,0.28734375000000006,4.3125,0.15625,6,11,13,31,-32,3.09375,0.2711875,3.875,0.125,4,20,6,18,A
305,31,-7,4.687500000000002,0.3149375000000001,4.937499999999999,0.03125,8,11,11,35,4,3.9375,0.36409375,3.625,0.03125,10,7,13,43,H
306,31,34,5.03125,0.3759375000000001,4.125,0.0625,20,6,4,64,7,3.71875,0.29409375000000004,4.125000000000001,0.1875,11,11,8,41,A
307,31,-7,4.031250000000002,0.31815625,4.593749999999999,0.0625,10,13,7,37,-2,3.8750000000000004,0.3236562499999999,4.562499999999999,0.03125,11,11,8,41,A
308,31,-5,3.59375,0.3061562500000001,4.96875,0.125,9,13,8,35,-7,3.90625,0.34431249999999997,5.6875,0.0625,7,12,11,32,H
309,32,-6,4.696969696969699,0.31381818181818194,5.06060606060606,0.030303030303030304,9,11,11,38,-10,3.757575757575758,0.2937272727272727,4.515151515151516,0.09090909090909091,11,13,7,40,A
310,32,6,3.6666666666666665,0.29190909090909095,4.1818181818181825,0.18181818181818182,11,12,8,41,-9,3.4545454545454546,0.2967272727272728,4.181818181818182,0.06060606060606061,10,11,10,40,H
311,31,-34,3.090909090909091,0.26996969696969697,3.9696969696969697,0.12121212121212122,4,21,6,18,-5,3.625,0.30481249999999993,5.03125,0.09375,8,12,10,34,D
312,32,8,4.575757575757576,0.33115151515151525,4.84848484848485,0.09090909090909091,9,7,15,42,3,3.9393939393939394,0.3682121212121212,3.5454545454545454,0.030303030303030304,10,8,13,43,D
313,32,-1,3.848484848484849,0.3252121212121211,4.515151515151515,0.030303030303030304,12,11,8,44,20,3.6666666666666665,0.34615151515151527,4.121212121212121,0.15151515151515152,17,7,7,58,A
314,31,-3,3.909090909090909,0.3015151515151517,3.9696969696969706,0.12121212121212122,12,11,8,44,2,4.4375,0.281375,4.46875,0.09375,11,12,7,40,H
315,32,-6,3.5757575757575757,0.309878787878788,4.878787878787879,0.12121212121212122,9,14,8,35,-8,4.151515151515153,0.32366666666666666,4.696969696969696,0.06060606060606061,10,14,7,37,A
316,32,-4,3.090909090909091,0.2902424242424242,4.454545454545455,0.0,10,9,12,42,-6,3.090909090909091,0.2911212121212122,4.242424242424242,0.15151515151515152,7,11,13,34,D
317,32,35,5.03030303030303,0.3771818181818183,4.03030303030303,0.06060606060606061,21,6,4,67,11,4.181818181818182,0.2952424242424243,4.424242424242424,0.09090909090909091,13,8,10,49,H
318,32,-6,3.9696969696969697,0.34687878787878784,5.696969696969697,0.06060606060606061,8,12,11,35,13,4.181818181818182,0.3447575757575757,5.606060606060606,0.15151515151515152,13,5,13,52,H
319,32,-5,3.6363636363636362,0.3128787878787878,5.090909090909091,0.09090909090909091,8,12,11,35,5,4.545454545454546,0.2856060606060606,4.363636363636363,0.09090909090909091,12,12,7,43,H
320,33,-11,3.7941176470588234,0.3014411764705882,4.647058823529412,0.08823529411764706,11,14,7,40,-6,3.8823529411764706,0.3073529411764707,3.941176470588236,0.11764705882352941,12,12,8,44,H
321,33,8,4.647058823529412,0.3293235294117648,4.85294117647059,0.08823529411764706,9,7,16,43,14,4.176470588235294,0.3424705882352941,5.5588235294117645,0.14705882352941177,14,5,13,55,H
322,33,-4,3.088235294117647,0.289735294117647,4.441176470588236,0.0,10,9,13,43,-7,3.588235294117647,0.31347058823529406,5.0588235294117645,0.08823529411764706,8,13,11,35,H
323,33,33,4.970588235294118,0.3705000000000001,4.0588235294117645,0.058823529411764705,21,7,4,67,-3,3.823529411764706,0.3224411764705882,4.617647058823529,0.029411764705882353,12,12,8,44,D
324,33,-34,3.0588235294117645,0.27044117647058824,4.029411764705882,0.11764705882352941,4,21,7,19,13,4.235294117647059,0.301264705882353,4.411764705882353,0.08823529411764706,14,8,10,52,A
325,33,-6,3.0588235294117645,0.2899117647058824,4.294117647058823,0.17647058823529413,7,11,14,35,-6,4.147058823529413,0.32394117647058823,4.647058823529411,0.058823529411764705,11,14,7,40,A
326,33,-5,4.676470588235296,0.3136470588235295,5.058823529411764,0.029411764705882353,10,11,11,41,7,4.5,0.28823529411764703,4.323529411764706,0.08823529411764706,13,12,7,46,D
327,33,-8,3.5588235294117645,0.3066470588235295,5.0,0.11764705882352941,9,15,8,35,5,3.5588235294117645,0.28332352941176475,4.11764705882353,0.17647058823529413,11,13,8,41,H
328,33,22,3.7058823529411766,0.3493529411764707,4.205882352941177,0.14705882352941177,18,7,7,61,-8,3.5294117647058822,0.30761764705882355,4.235294117647059,0.058823529411764705,11,11,10,43,H
329,33,-7,3.8823529411764706,0.34158823529411764,5.705882352941177,0.058823529411764705,8,13,11,35,3,3.9411764705882355,0.3657941176470588,3.5,0.029411764705882353,10,8,14,44,A
330,34,-14,3.7142857142857144,0.2956857142857142,4.628571428571429,0.08571428571428572,11,15,7,40,-35,3.1142857142857143,0.2706571428571429,4.0285714285714285,0.11428571428571428,4,22,7,19,D
331,34,-8,3.9714285714285715,0.3451714285714286,5.6,0.05714285714285714,8,14,11,35,-9,3.5142857142857142,0.3066285714285715,4.314285714285714,0.05714285714285714,11,12,10,43,H
332,34,-5,4.771428571428573,0.3199142857142858,5.142857142857142,0.02857142857142857,10,11,12,42,-8,3.6285714285714286,0.31642857142857134,5.0285714285714285,0.08571428571428572,8,14,11,35,H
333,34,-3,3.9714285714285715,0.3080857142857144,3.9714285714285724,0.11428571428571428,13,12,8,47,13,4.114285714285714,0.3374571428571428,5.6571428571428575,0.14285714285714285,14,6,13,55,D
334,34,-8,4.1714285714285735,0.3266,4.599999999999999,0.05714285714285714,11,15,7,40,4,4.0285714285714285,0.3671142857142857,3.4857142857142858,0.02857142857142857,11,8,14,47,A
335,34,7,3.6,0.2911142857142857,4.057142857142858,0.17142857142857143,12,13,8,44,-3,3.8285714285714287,0.3208571428571428,4.714285714285714,0.02857142857142857,12,12,9,45,H
336,34,-3,3.057142857142857,0.2877999999999999,4.42857142857143,0.0,11,9,13,46,7,4.4,0.2871428571428571,4.314285714285714,0.08571428571428572,13,12,8,47,H
337,34,33,4.9714285714285715,0.3758000000000001,4.085714285714285,0.05714285714285714,21,7,5,68,-10,3.5714285714285716,0.3050285714285715,4.9714285714285715,0.11428571428571428,9,16,8,35,A
338,34,9,4.742857142857143,0.33420000000000005,4.82857142857143,0.11428571428571428,10,7,16,46,14,4.257142857142857,0.3045714285714286,4.4,0.08571428571428572,15,8,10,55,A
339,34,-4,3.1142857142857143,0.29751428571428584,4.228571428571429,0.17142857142857143,8,11,14,38,23,3.7714285714285714,0.3500857142857144,4.142857142857143,0.14285714285714285,19,7,7,64,A
340,35,24,3.6944444444444446,0.3450000000000001,4.138888888888889,0.1388888888888889,20,7,7,67,2,4.027777777777778,0.3654722222222222,3.5555555555555554,0.027777777777777776,11,9,14,47,D
341,35,-7,3.6666666666666665,0.31922222222222213,4.972222222222222,0.08333333333333333,9,14,11,38,-3,4.027777777777778,0.3099444444444446,4.000000000000001,0.1111111111111111,13,12,9,48,H
342,35,-5,3.138888888888889,0.303138888888889,4.222222222222222,0.16666666666666666,8,12,14,38,11,4.805555555555555,0.3363611111111112,4.750000000000002,0.1111111111111111,11,7,16,49,H
343,35,34,4.972222222222222,0.3769444444444445,4.111111111111111,0.05555555555555555,22,7,5,71,-6,3.6666666666666665,0.31597222222222227,4.388888888888889,0.05555555555555555,12,12,10,46,D
344,35,-35,3.0833333333333335,0.26869444444444446,4.111111111111111,0.1111111111111111,4,22,8,20,8,4.444444444444445,0.28794444444444445,4.361111111111111,0.08333333333333333,14,12,8,50,A
345,35,-14,3.6666666666666665,0.29211111111111104,4.583333333333334,0.08333333333333333,11,15,8,41,-11,4.0,0.35102777777777777,5.555555555555555,0.05555555555555555,8,15,11,35,H
346,35,-11,3.611111111111111,0.30813888888888896,4.944444444444445,0.1388888888888889,9,17,8,35,-2,3.861111111111111,0.321861111111111,4.611111111111111,0.027777777777777776,13,12,9,48,H
347,35,-4,3.0833333333333335,0.2956666666666666,4.4444444444444455,0.0,11,10,13,46,-6,4.88888888888889,0.32491666666666674,5.277777777777777,0.027777777777777776,10,12,12,42,D
348,35,-6,4.138888888888891,0.3279444444444445,4.527777777777776,0.1111111111111111,12,15,7,43,12,4.25,0.30352777777777784,4.361111111111111,0.08333333333333333,15,9,10,55,A
349,35,6,3.5833333333333335,0.2913611111111111,4.083333333333334,0.16666666666666666,12,14,8,44,13,4.194444444444445,0.3410555555555555,5.694444444444445,0.1388888888888889,14,6,14,56,D
350,36,-16,3.675675675675676,0.295027027027027,4.567567567567568,0.08108108108108109,11,16,8,41,6,3.5405405405405403,0.2888918918918919,4.162162162162163,0.16216216216216217,12,14,9,45,H
351,36,1,3.945945945945946,0.32891891891891883,4.621621621621622,0.02702702702702703,14,12,9,51,-6,3.7027027027027026,0.3197297297297298,4.378378378378378,0.05405405405405406,12,12,11,47,D
352,36,-8,3.7027027027027026,0.3228918918918918,4.891891891891892,0.08108108108108109,9,15,11,38,-7,4.135135135135138,0.32891891891891895,4.486486486486485,0.10810810810810811,12,16,7,43,D
353,36,-4,3.135135135135135,0.3045675675675675,4.405405405405406,0.0,11,10,14,47,-2,4.054054054054054,0.3112162162162163,3.9729729729729737,0.10810810810810811,14,12,9,51,D
354,36,-14,3.5405405405405403,0.3028108108108109,4.918918918918919,0.13513513513513514,9,18,8,35,13,4.135135135135135,0.33521621621621617,5.675675675675675,0.13513513513513514,14,6,15,57,H
355,36,34,5.0,0.37575675675675685,4.108108108108108,0.08108108108108109,22,7,6,72,2,4.027027027027027,0.3691081081081081,3.5405405405405403,0.05405405405405406,11,9,15,48,D
356,36,-6,4.810810810810812,0.3195135135135136,5.270270270270269,0.02702702702702703,10,12,13,43,-36,3.1621621621621623,0.26954054054054055,4.324324324324325,0.10810810810810811,4,23,8,20,D
357,36,-6,3.135135135135135,0.3050810810810812,4.162162162162162,0.16216216216216217,8,13,14,38,-9,4.1891891891891895,0.35718918918918924,5.45945945945946,0.05405405405405406,9,15,11,38,D
358,36,24,3.7027027027027026,0.3405945945945947,4.1891891891891895,0.13513513513513514,20,7,8,68,13,4.216216216216216,0.30156756756756764,4.378378378378378,0.08108108108108109,16,9,10,58,A
359,36,12,4.864864864864865,0.339891891891892,4.8378378378378395,0.10810810810810811,12,7,16,52,9,4.45945945945946,0.29245945945945945,4.324324324324325,0.10810810810810811,15,12,8,53,D
360,37,-6,4.763157894736843,0.3209736842105264,5.2368421052631575,0.02631578947368421,10,12,14,44,25,3.763157894736842,0.34597368421052643,4.131578947368421,0.13157894736842105,21,7,8,71,H
361,37,-2,4.052631578947368,0.30921052631578955,4.105263157894737,0.10526315789473684,14,12,10,52,12,4.210526315789473,0.3041578947368422,4.394736842105263,0.07894736842105263,16,10,10,58,D
362,37,12,4.7368421052631575,0.3309473684210527,4.815789473684212,0.10526315789473684,12,7,17,53,-8,3.6842105263157894,0.3183421052631578,4.973684210526316,0.07894736842105263,9,15,12,39,H
363,37,34,4.973684210526316,0.37289473684210533,4.105263157894737,0.07894736842105263,22,7,7,73,16,4.157894736842105,0.33578947368421047,5.605263157894737,0.13157894736842105,15,6,15,60,H
364,37,-4,3.1578947368421053,0.30613157894736837,4.36842105263158,0.0,11,10,15,48,-36,3.1315789473684212,0.2712105263157895,4.2368421052631575,0.10526315789473684,4,23,9,21,A
365,37,-14,3.6842105263157894,0.29684210526315785,4.605263157894737,0.07894736842105263,12,16,8,44,-7,4.105263157894739,0.33155263157894743,4.421052631578946,0.10526315789473684,12,16,8,44,H
366,37,-9,4.105263157894737,0.3515526315789474,5.421052631578948,0.05263157894736842,9,15,12,39,9,4.447368421052632,0.2903157894736842,4.315789473684211,0.10526315789473684,15,12,9,54,D
367,37,-6,3.1578947368421053,0.3058157894736843,4.315789473684211,0.15789473684210525,8,13,15,39,1,3.973684210526316,0.33223684210526305,4.578947368421052,0.05263157894736842,14,12,10,52,H
368,37,-17,3.473684210526316,0.29615789473684223,4.921052631578948,0.13157894736842105,9,19,8,35,-6,3.8684210526315788,0.3227631578947369,4.447368421052632,0.05263157894736842,12,12,12,48,A
369,37,4,3.5,0.2888157894736842,4.131578947368422,0.15789473684210525,12,15,9,45,2,3.973684210526316,0.3669210526315789,3.473684210526316,0.05263157894736842,11,9,16,49,A
370,38,35,4.948717948717949,0.37187179487179495,4.128205128205129,0.07692307692307693,23,7,7,76,-17,3.7435897435897436,0.29884615384615376,4.564102564102564,0.07692307692307693,12,17,8,44,A
371,38,-9,3.641025641025641,0.31530769230769223,5.051282051282051,0.07692307692307693,9,16,12,39,27,3.769230769230769,0.343948717948718,4.076923076923077,0.1282051282051282,22,7,8,74,D
372,38,-3,3.1794871794871793,0.30682051282051276,4.384615384615385,0.0,12,10,15,51,13,4.666666666666667,0.3267435897435898,4.846153846153848,0.10256410256410256,13,7,17,56,D
373,38,-20,3.641025641025641,0.29925641025641037,5.102564102564103,0.1282051282051282,9,20,8,35,12,4.230769230769229,0.3070512820512821,4.358974358974359,0.07692307692307693,16,10,11,59,H
374,38,-37,3.3076923076923075,0.2802820512820513,4.230769230769231,0.10256410256410256,4,24,9,21,-2,4.0256410256410255,0.3072051282051283,4.128205128205129,0.1282051282051282,14,12,11,53,H
375,38,15,4.102564102564102,0.3374358974358974,5.538461538461538,0.1282051282051282,15,7,15,60,2,4.0,0.3344102564102563,4.615384615384615,0.05128205128205128,15,12,10,55,A
376,38,-3,3.8974358974358974,0.33051282051282055,4.358974358974359,0.05128205128205128,13,12,12,51,3,4.051282051282051,0.37033333333333335,3.5384615384615383,0.05128205128205128,12,9,16,52,H
377,38,-8,4.666666666666668,0.31594871794871804,5.3076923076923075,0.02564102564102564,10,13,14,44,-9,4.128205128205129,0.3516923076923077,5.435897435897437,0.05128205128205128,9,15,13,40,A
378,38,9,4.512820512820513,0.29484615384615387,4.230769230769231,0.10256410256410256,15,12,10,55,-4,4.12820512820513,0.33220512820512826,4.410256410256409,0.10256410256410256,13,16,8,47,H
379,38,-7,3.2051282051282053,0.30651282051282064,4.3076923076923075,0.15384615384615385,8,14,15,39,3,3.6153846153846154,0.29605128205128206,4.128205128205129,0.1794871794871795,12,16,9,45,H
